{
  "swagger" : "2.0",
  "info" : {
    "version" : "1.0",
    "title" : "Resource1",
    "description" : "Salesforce New Order"
  },
  "host" : "localhost:8080",
  "basePath" : "/",
  "schemes" : [ "http" ],
  "paths" : {
    "/salesforce/newOrder" : {
      "post" : {
        "summary" : "postResource1",
        "description" : "postResource1",
        "operationId" : "post-salesforce-newOrder",
        "consumes" : [ "application/json" ],
        "produces" : [ "application/json" ],
        "parameters" : [ {
          "name" : "body",
          "in" : "body",
          "description" : "",
          "schema" : {
            "$ref" : "#/definitions/root"
          },
          "required" : true
        } ],
        "responses" : {
          "200" : {
            "description" : "a Element to be returned",
            "schema" : {
              "$ref" : "#/definitions/Element"
            }
          }
        }
      }
    }
  },
  "definitions" : {
    "root" : {
      "type" : "object",
      "required" : [ "ConsignmentNo", "CarrierName", "StatusDate", "GFSStatus", "ShipmentReference", "ConsignmentReference", "SignatoryName", "CustomerID", "CarrierService", "ScanText", "CarrierStatus", "ParcelNumber" ],
      "properties" : {
        "ConsignmentNo" : {
          "type" : "string"
        },
        "ParcelNumber" : {
          "type" : "string"
        },
        "CustomerID" : {
          "type" : "string"
        },
        "CarrierName" : {
          "type" : "string"
        },
        "ContractNo" : {
          "type" : "integer",
          "format" : "int32"
        },
        "CarrierService" : {
          "type" : "string"
        },
        "CarrierStatus" : {
          "type" : "string"
        },
        "GFSStatus" : {
          "type" : "string"
        },
        "StatusDate" : {
          "type" : "string"
        },
        "ScanText" : {
          "type" : "string"
        },
        "SignatoryName" : {
          "type" : "string"
        },
        "ShipmentReference" : {
          "type" : "string"
        },
        "ConsignmentReference" : {
          "type" : "string"
        },
        "Col13" : {
          "type" : "string"
        },
        "Col14" : {
          "type" : "string"
        },
        "Col15" : {
          "type" : "string"
        },
        "dupStatus" : {
          "type" : "string"
        }
      }
    },
    "Element" : {
      "type" : "object",
      "required" : [ "Status", "code" ],
      "properties" : {
        "Status" : {
          "type" : "string"
        },
        "code" : {
          "type" : "integer",
          "format" : "int32"
        }
      }
    }
  }
}