{
  "swagger" : "2.0",
  "info" : {
    "version" : "1.0",
    "title" : "Resource",
    "description" : "Resource service"
  },
  "host" : "localhost:8080",
  "basePath" : "/",
  "schemes" : [ "http" ],
  "paths" : {
    "/dupcheck" : {
      "post" : {
        "summary" : "postResource",
        "description" : "postResource",
        "operationId" : "post-dupcheck",
        "consumes" : [ "application/json" ],
        "produces" : [ "application/json" ],
        "parameters" : [ {
          "name" : "body",
          "in" : "body",
          "description" : "",
          "schema" : {
            "type" : "array",
            "items" : {
              "$ref" : "#/definitions/root",
              "uniqueItems" : false
            }
          },
          "required" : true
        } ],
        "responses" : {
          "200" : {
            "description" : "a root to be returned",
            "schema" : {
              "type" : "array",
              "items" : {
                "$ref" : "#/definitions/root",
                "uniqueItems" : false
              }
            }
          }
        }
      }
    }
  },
  "definitions" : {
    "root" : {
      "type" : "object",
      "required" : [ "ConsignmentNo", "CarrierName", "StatusDate", "GFSStatus", "ShipmentReference", "ConsignmentReference", "SignatoryName", "CustomerID", "CarrierService", "ScanText", "CarrierStatus", "ParcelNumber" ],
      "properties" : {
        "ConsignmentNo" : {
          "type" : "string"
        },
        "ParcelNumber" : {
          "type" : "string"
        },
        "CustomerID" : {
          "type" : "string"
        },
        "CarrierName" : {
          "type" : "string"
        },
        "ContractNo" : {
          "type" : "integer",
          "format" : "int32"
        },
        "CarrierService" : {
          "type" : "string"
        },
        "CarrierStatus" : {
          "type" : "string"
        },
        "GFSStatus" : {
          "type" : "string"
        },
        "StatusDate" : {
          "type" : "string"
        },
        "ScanText" : {
          "type" : "string"
        },
        "SignatoryName" : {
          "type" : "string"
        },
        "ShipmentReference" : {
          "type" : "string"
        },
        "ConsignmentReference" : {
          "type" : "string"
        },
        "Col13" : {
          "type" : "string"
        },
        "Col14" : {
          "type" : "string"
        },
        "Col15" : {
          "type" : "string"
        },
        "dupStatus" : {
          "type" : "string"
        }
      }
    }
  }
}