{
    "records": [{
        "name": "Cloud",
        "items": [],
        "url": "https://integration.cloud.tibco.com:443"
    }],
    "resources": [
        {
            "location": "Service Descriptors/tti_dupcheck.module.Process-Resource.json",
            "type": "generated"
        },
        {
            "location": "Service Descriptors/tti_dupcheck.module.CopyOfProcess-Resource.json",
            "type": "generated"
        },
        {
            "location": "Service Descriptors/tti_dupcheck.module.dupCheckAPI-Resource.json",
            "type": "generated"
        },
        {
            "location": "Service Descriptors/tti_dupcheck.module.SalesForceUpsert-Resource1.json",
            "type": "generated"
        },
        {
            "location": "Service Descriptors/tti_dupcheck.module.dupCheckAPI-DuplicateCheck.json",
            "type": "generated"
        },
        {
            "location": "Service Descriptors/tti_dupcheck.module.SalesForceUpsert-SalesforceOrderService.json",
            "type": "generated"
        },
        {
            "location": "Service Descriptors/com.tibco.APILed.integration.dupChecks.module.dupCheckAPI-DuplicateCheck.json",
            "type": "generated"
        },
        {
            "location": "Service Descriptors/com.tibco.APILed.integration.dupChecks.module.SalesForceUpsert-SalesforceOrderService.json",
            "type": "generated"
        }
    ]
}