{"records": [
    {
        "jsonSchemaLocation": "/com.tibco.APILed.integration.dupChecks/Service Descriptors/tti_dupcheck.module.Process-Resource.json",
        "conversionType": "generated",
        "xsdSchemaTargetNamespace": "http://ns.tibco.com/bw/palette/dataformat/2a56cc13-7820-4822-be7d-bf39ff22b556"
    },
    {
        "jsonSchemaLocation": "/com.tibco.APILed.integration.dupChecks/Service Descriptors/tti_dupcheck.module.SalesForceUpsert-Resource1.json",
        "conversionType": "linked",
        "xsdSchemaTargetNamespace": "http://ns.tibco.com/bw/palette/dataformat/2a56cc13-7820-4822-be7d-bf39ff22b556"
    }
]}